ParticipantID,Clearness_Index_Min,Clearness_Index_Max,Clearness_Index_Mean,% Sunny,% Partly Cloudy,% Cloudy
P10,0.0,0.7940165829338963,0.2751119310513064,25.72614107883817,11.618257261410788,62.655601659751035
P11,0.0,0.863704503716864,0.24780732427125732,22.8,6.4,70.8
P12,0.0018560668704180963,0.9830012029238652,0.3924970906915133,34.92822966507177,10.047846889952153,55.02392344497608
P13,0.0009390317431424745,0.8231599102495564,0.11928998608308346,3.2520325203252036,9.75609756097561,86.99186991869918
P14,0.0027798537987355574,0.6509628350039017,0.2440994793364889,0.5,39.0,60.5
P15,0.0009382877900664028,0.866508774126323,0.29673581299078294,27.310924369747898,15.546218487394958,57.14285714285714
P16,0.03173695906954943,0.8090599890456396,0.3610203026306684,38.659793814432994,11.855670103092782,49.48453608247423
P17,0.0,0.3611643148694705,0.09995866214654162,0.0,2.0161290322580645,97.98387096774194
P4,0.0,0.8965176911845687,0.2558407640857608,23.333333333333332,9.166666666666666,67.5
P8,0.0,0.8448511995230339,0.1789584464292131,9.774436090225564,7.518796992481203,82.70676691729322
P9,0.0,0.8162049266445665,0.2103798532698731,6.746031746031746,22.22222222222222,71.03174603174604
