participant,phase,segment,start_time_s,end_time_s,phase_start_offset_s,ucm_SND_dBA,category,wind_prop,rural_natural_prop,vehicle_prop,urban_manmade_neutral_prop,urban_manmade_positive_prop,urban_manmade_negative_prop,mechanisms_prop,unidentify_prop,dominant_frequency_hz,spectral_centroid_hz,spectral_rolloff85_hz,freq_prop_20_125,freq_prop_125_1000,freq_prop_1000_4000,freq_prop_4000_8000,freq_prop_8000_20000,octave_prop_31_5_hz,octave_prop_63_0_hz,octave_prop_125_0_hz,octave_prop_250_0_hz,octave_prop_500_0_hz,octave_prop_1000_0_hz,octave_prop_2000_0_hz,octave_prop_4000_0_hz,octave_prop_8000_0_hz
P9,WalkG,1,0.0,10.0,352.0,60.5,Urban/Manmade_positive,0.0,0.05,0.0,0.0,0.45,0.0,0.05,0.5,23.0,300.4493126583111,505.0,0.6444844615333876,0.2835841428562422,0.0620673921220932,0.005441712839558,0.0022286296217199,0.2642536550359604,0.209335573692731,0.1679580664584636,0.0790252276878451,0.0928240088201102,0.0509191470849192,0.030796738582938,0.0095378902364833,0.0038220886863966
P9,WalkG,2,10.0,20.0,352.0,57.0,Urban/Manmade_positive,0.0,0.1,0.0,0.0,0.7,0.0,0.1,0.2,23.0,515.8894755312439,844.0,0.5228356616287866,0.3591776458171196,0.0959040515867787,0.015650552216037,0.0041867024374105,0.1858268318184975,0.2411134730272885,0.1219179993429261,0.0562889652747519,0.1195001633503745,0.1403508649894723,0.0490822611851878,0.0176345495348767,0.0099298452060361
P9,WalkG,3,20.0,30.0,352.0,60.5,Mechanisms,0.0,0.1,0.35,0.1,0.0,0.0,0.85,0.0,23.0,924.4241682944478,1658.0,0.5110336114361197,0.2663614622799872,0.1525683337269466,0.0562206900130154,0.0125589268213967,0.1590087755249769,0.2484803086656505,0.0765260330398617,0.047817396554655,0.0745792265442417,0.1715580058070949,0.075459351263891,0.0448332228617593,0.0390378423715993
P9,WalkG,4,30.0,40.0,352.0,61.0,Urban/Manmade_positive,0.0,0.0,0.1,0.15,0.55,0.0,0.25,0.15,23.0,715.1936258570933,1017.0,0.3874672821935086,0.458742246350483,0.1141017919975492,0.031065362358459,0.0078656581987109,0.1469063790755716,0.1704578812912854,0.0768063788776293,0.1245971017133967,0.1907554148023617,0.1282529428268286,0.0603521703433079,0.0294531416167804,0.0204201019760121
P9,WalkG,5,40.0,50.0,352.0,61.5,Urban/Manmade_positive,0.0,0.15,0.05,0.05,0.95,0.0,0.0,0.0,44.0,747.1396737757935,1123.0,0.3593391722285163,0.4747687255426999,0.1244684976149046,0.0322301996830781,0.0080958140827862,0.1026118404231521,0.1928194891218213,0.0948528662206961,0.1244022320565117,0.1867619009148249,0.1440663092893105,0.0735743705068129,0.0297142379947146,0.0199055330174325
P9,WalkG,6,50.0,60.0,352.0,63.0,Urban/Manmade_positive,0.0,0.1,0.0,0.0,0.9,0.0,0.05,0.05,52.0,719.4191608532338,1029.0,0.3784622777409926,0.4648134995715334,0.1178277116529843,0.028754996243351,0.0087169991022153,0.0753226902339494,0.2353032665144086,0.138704921203142,0.1472490453749103,0.1164124079459236,0.1534890791109965,0.0669182342692555,0.0263582877352068,0.0197995023224452
P9,WalkG,7,60.0,70.0,352.0,58.0,Urban/Manmade_positive,0.0,0.05,0.0,0.0,0.85,0.0,0.1,0.05,54.0,909.0714321505365,1563.0,0.2723092854028268,0.5334354945991003,0.1441133686193975,0.0397866459697556,0.0094804551360581,0.0892776523976369,0.1462661898857566,0.1306159900088713,0.0729320025050186,0.1841851997421152,0.2015812855932736,0.0893453372113173,0.0385963180606166,0.0268576578755965
P9,WalkG,8,70.0,80.0,352.0,61.0,Urban/Manmade_positive,0.0,0.15,0.0,0.0,0.85,0.0,0.1,0.05,55.0,1202.821934791101,2193.0,0.2212281100364755,0.5090425762227418,0.1782829140459113,0.0773263544273074,0.013273921461873,0.0668478652468131,0.1139747661718811,0.0821431492260965,0.0952412362402992,0.1890203015272597,0.2349156549891767,0.0891512126820751,0.0686662472827002,0.0423526441876084
P9,WalkG,9,80.0,90.0,352.0,61.5,Unidentify,0.0,0.1,0.15,0.2,0.25,0.0,0.35,0.15,50.0,1035.1291579862727,1951.0,0.3101412054056272,0.4448058886472975,0.1765060331675979,0.0545932341885109,0.0128697416632295,0.115986760668103,0.1469751319861671,0.0789846285890831,0.0938751894423053,0.1774343706818495,0.1824736667436969,0.0965186834323122,0.0536758611950425,0.0321299639822588
P9,WalkG,10,90.0,100.0,352.0,60.0,Mechanisms,0.0,0.05,0.05,0.05,0.05,0.0,0.8,0.1,43.0,1246.6514607630345,2501.0,0.3857044476262667,0.3103343841386636,0.2134025876484676,0.0733244349111904,0.0159078692516493,0.1397825418359659,0.1909071057109478,0.0528143100197988,0.0377742929006822,0.1070084373241642,0.1964265921752043,0.1290164518551937,0.0755553488208336,0.0419586385395428
P9,WalkG,11,100.0,110.0,352.0,54.0,Urban/Manmade_positive,0.0,0.1,0.1,0.1,0.45,0.05,0.4,0.1,54.0,1024.013477646148,1870.0,0.2373415093067364,0.4921967760900058,0.2212465516122214,0.0362299739785369,0.0110520454780854,0.0775288003364984,0.1278330444740637,0.0960937899151686,0.0832148827031956,0.1603658135965017,0.2570963423096245,0.1164258032636532,0.0412886851695384,0.0221304538557703
P9,WalkG,12,110.0,120.0,352.0,57.5,Urban/Manmade_positive,0.0,0.05,0.05,0.05,0.75,0.0,0.15,0.05,53.0,962.648933648784,1421.0,0.2738139008490624,0.5361715726095835,0.1288193885443415,0.0454150672653988,0.0149454672734358,0.0863997976801902,0.1480737150872117,0.0870709387912356,0.1313808934379905,0.2218001952842246,0.1583352415951186,0.0706622728458734,0.0428796934954617,0.0299032438263876
P9,WalkG,13,120.0,130.0,352.0,60.0,Urban/Manmade_positive,0.0,0.1,0.3,0.15,0.35,0.05,0.15,0.2,158.0,1109.2343323683913,2068.0,0.1910007708070566,0.5699172531357014,0.1661582677299475,0.0579004032202324,0.013970618153447,0.0648234092565361,0.0919264692008737,0.1068156064784856,0.1473751111534301,0.1784917540047529,0.2120501127469217,0.0857310756616597,0.0570198574328077,0.0357898092486424
P9,WalkG,14,130.0,140.0,352.0,61.5,Urban/Manmade_positive,0.0,0.15,0.15,0.1,0.7,0.0,0.1,0.05,47.0,854.5834885139323,1230.0,0.3482028081908089,0.4620293472026661,0.132490665999606,0.0437900057352544,0.0128509247952257,0.1286194743319519,0.1682328835333601,0.0916879746991163,0.1512428712614084,0.1642904462339515,0.1329751931613749,0.0648961573523044,0.0355644585526778,0.0305068368505774
P9,WalkG,15,140.0,150.0,352.0,63.0,Urban/Manmade_positive,0.0,0.2,0.0,0.15,0.65,0.0,0.15,0.05,44.0,732.5626841279638,1059.0,0.4064034862088688,0.427493465533214,0.1237618931922245,0.0329166772739703,0.0078804787618395,0.1531021270929026,0.1735846376131469,0.1119919052071084,0.1103706789398528,0.1168914155284733,0.1723099039872254,0.0656620842870119,0.030834663238811,0.0207631142608234
P9,WalkG,16,150.0,160.0,352.0,61.5,Unidentify,0.05,0.05,0.35,0.25,0.2,0.0,0.4,0.2,47.0,639.7524154859523,951.0,0.5744424509664618,0.2789479366466295,0.1066783688718081,0.0300162843421713,0.0078156867629807,0.2441835465906931,0.2454582376268786,0.1156764437834154,0.0645373075005599,0.0677911176749281,0.1098125852318209,0.059413913658144,0.0335139308881329,0.019194733099726
P9,WalkG,17,160.0,170.0,352.0,59.0,Urban/Manmade_positive,0.0,0.05,0.05,0.0,0.95,0.0,0.05,0.0,39.0,634.7772789873388,886.0,0.3498780212793062,0.5195682683619771,0.1046507877296495,0.0178595697984855,0.0074617528098008,0.146799826072124,0.1549822992259693,0.1027088158156206,0.1405611295228305,0.202562352493528,0.1322704838277567,0.0613880163857357,0.0193650057315773,0.0117601652375822
P9,WalkG,18,170.0,180.0,352.0,59.0,Urban/Manmade_positive,0.0,0.05,0.05,0.0,0.95,0.0,0.1,0.0,45.0,934.7746471427288,1783.0,0.2973522135139536,0.4897719442774453,0.1613249862615315,0.0424471106017822,0.0085817984824767,0.1270247466739426,0.132933109055708,0.0701973396388928,0.0864150895319803,0.2370119784781494,0.1496560744166253,0.0933831148112915,0.0473136346338272,0.0274069963016463
P9,WalkG,19,180.0,190.0,352.0,65.5,Urban/Manmade_positive,0.0,0.05,0.05,0.0,0.95,0.0,0.1,0.0,50.0,450.26512744136255,647.0,0.5266510488589411,0.3894148792577815,0.0604153167714936,0.017396431534497,0.0052119892878814,0.2019644038346723,0.2531071348484327,0.1791738228618206,0.0648470745880689,0.1168304581593065,0.0758137830729806,0.0324578201976049,0.0169967087455761,0.0116438942256704
P9,WalkG,20,190.0,200.0,352.0,59.5,Unidentify,0.0,0.1,0.25,0.2,0.25,0.0,0.55,0.05,53.0,480.6556354075442,726.0,0.654285068954277,0.2426845298373755,0.0716736215132868,0.0221990541862459,0.0068193492191504,0.1548110992125691,0.355204684527251,0.1699756764120756,0.0625739629641516,0.073931898179947,0.0795945590819521,0.0341425455926994,0.0233348473649717,0.0126131385892109
P9,WalkG,21,200.0,210.0,352.0,59.0,Urban/Manmade_positive,0.0,0.2,0.05,0.0,0.9,0.0,0.05,0.0,65.0,425.8640403613626,706.0,0.588887544768756,0.3279799551290492,0.0653610956274309,0.0141512001814222,0.0031178404504937,0.0858902779003512,0.4127872247008176,0.1563551965403714,0.0723226506609856,0.1059404675152322,0.0878737002414526,0.0351848520911694,0.0158817492687194,0.0087415510735964
P9,WalkG,22,210.0,220.0,352.0,59.5,Urban/Manmade_positive,0.0,0.1,0.0,0.0,0.9,0.0,0.05,0.05,39.0,660.2445487864635,1000.0,0.3859802603723648,0.4630113504457486,0.1201825529499961,0.0235037821857263,0.0063386944827744,0.1400468930569226,0.1783973410060813,0.1770067850232123,0.0712739319214853,0.1436968103756898,0.1613780027765979,0.0576149385339299,0.0273167660820789,0.0134620134197874
P9,WalkG,23,220.0,230.0,352.0,62.0,Urban/Manmade_positive,0.0,0.05,0.05,0.05,0.7,0.0,0.1,0.1,46.0,630.3962017468073,886.0,0.3971341506341265,0.4689319421267213,0.1036806827193587,0.0227294692057571,0.0065805712455145,0.1504308913150847,0.1690892410918375,0.149086553214268,0.1393041518234161,0.1330385131500928,0.127218737744212,0.0527156912028146,0.0286276266458041,0.0143945787826908
P9,WalkG,24,230.0,240.0,352.0,60.0,Vehicle,0.0,0.2,0.45,0.15,0.0,0.0,0.65,0.05,45.0,475.2927556606237,566.0,0.6963940970050728,0.2100029330909864,0.0596200604233573,0.0227037497926354,0.0097458166302789,0.2319505910618143,0.29781619426855,0.140535909238755,0.0756793270061869,0.0384308884748386,0.0678301843040222,0.0258007872791738,0.0195345491407676,0.0156977296281452
P9,WalkG,25,240.0,250.0,352.0,58.0,Mechanisms,0.0,0.2,0.05,0.0,0.0,0.0,0.65,0.15,53.0,680.6422071456506,988.0,0.6218056228628083,0.2292382479254581,0.0948191645097906,0.0422405895614819,0.0111348282415603,0.2403295097556775,0.2868330551889217,0.0895134491141133,0.0738111771532525,0.0537401267149607,0.1044938175086288,0.0406701680482055,0.0321182707724458,0.0297867926933676
P9,WalkG,26,250.0,260.0,352.0,61.0,Urban/Manmade_positive,0.0,0.0,0.05,0.25,0.4,0.0,0.3,0.15,60.0,2368.138205680604,6767.0,0.4648223055656857,0.1633474785710074,0.1331791134344546,0.1135521958149526,0.1244982574209329,0.2135542566020125,0.1880657936293224,0.0526678319914881,0.039098862850964,0.047347811605759,0.0688983996701371,0.0556157293985684,0.1189710595931242,0.1498687224372725
P9,WalkG,27,260.0,270.0,352.0,62.5,Unidentify,0.0,0.4,0.25,0.2,0.0,0.0,0.4,0.1,60.0,667.4827192310946,1069.0,0.6313156673301846,0.207090010543735,0.1203771421685517,0.031146999926855,0.0091764253757596,0.206623485545953,0.3503746010941148,0.0726601229718505,0.0447686366012062,0.0586074919917729,0.109880121850186,0.0661613927662779,0.0398276391036182,0.0186897945028309
P9,WalkG,28,270.0,280.0,352.0,59.0,Urban/Manmade_positive,0.0,0.25,0.1,0.0,0.55,0.0,0.25,0.1,38.0,470.80706125930845,908.0,0.4768625586028974,0.3968105108154902,0.113271762254112,0.0088879887465376,0.0020389058500586,0.1138405646410592,0.2612465930294873,0.157394753745544,0.1374761698172739,0.1002584905706499,0.149201502585899,0.050947582589156,0.0140322650964819,0.0048188715014935
P9,WalkG,29,280.0,290.0,352.0,68.5,Urban/Manmade_positive,0.0,0.25,0.0,0.0,0.8,0.0,0.05,0.1,46.0,529.6044300380684,941.0,0.3065915930124188,0.560517170477057,0.1210452815422316,0.008523524613055,0.0025314210997337,0.0749597498153534,0.1658255329232527,0.1111310450493535,0.2182339673628513,0.1644955395693893,0.1748228584923837,0.0512350086268265,0.0119148359318469,0.0052166876443496
P9,WalkG,30,290.0,300.0,352.0,65.0,Urban/Manmade_positive,0.0,0.2,0.05,0.0,0.6,0.0,0.35,0.0,55.0,496.8439101540686,834.0,0.3827253137285816,0.5032601816912174,0.0976382247649356,0.0113087145135631,0.0041441974560811,0.1257517692053409,0.1961687087181071,0.1400968117753634,0.18812553574172,0.1478353192892429,0.1240755511288852,0.0461516304078566,0.0121535233709448,0.0077998723072126
P9,WalkG,31,300.0,310.0,352.0,60.0,Mechanisms,0.0,0.05,0.35,0.15,0.0,0.0,0.45,0.2,58.0,666.4613574869533,1122.0,0.3520830511227575,0.455905268329514,0.1686353151403172,0.0166244315707323,0.0055409413149231,0.053851329709611,0.2398015820227047,0.0924347002944432,0.1440537820322728,0.1211976072904312,0.2495926509309459,0.0544081060507514,0.0165534758297759,0.0123624605246643
P9,WalkG,32,310.0,320.0,352.0,66.5,Rural/Natural,0.0,0.4,0.15,0.1,0.1,0.1,0.1,0.25,49.0,573.7994543657384,1045.0,0.2894077565331138,0.54250284478581,0.1592404377353957,0.0050564272116616,0.0014597622722746,0.0548115110687114,0.1511946891665312,0.147897149631612,0.1911665728308594,0.106134460056181,0.2574975558622253,0.0651209234112753,0.0111047211324292,0.0027773242176369
P9,WalkG,33,320.0,330.0,352.0,68.0,Urban/Manmade_positive,0.0,0.35,0.0,0.0,0.85,0.0,0.1,0.05,54.0,564.8191021602815,979.0,0.4249699426452746,0.4328407070616151,0.1267186300656032,0.0105090526959132,0.0039398654776325,0.0845995028928364,0.2846654566015593,0.0803851556070259,0.1056892160178946,0.1717816758264156,0.1742016958496346,0.0627949681842868,0.0144709155300353,0.0069433388636391
P9,WalkG,34,330.0,340.0,352.0,65.0,Urban/Manmade_positive,0.0,0.15,0.0,0.0,0.95,0.0,0.0,0.05,58.0,745.3994009532609,1222.0,0.2442958007964521,0.5325900214698849,0.2033525364765581,0.0147440988479256,0.0040454838262914,0.0564775948855551,0.1516481697037583,0.0596982237467804,0.1244840336858277,0.2252644398833347,0.2580572713963878,0.0802441046364664,0.0218300810217394,0.0083002291590451
P9,WalkG,35,340.0,350.0,352.0,69.0,Urban/Manmade_positive,0.0,0.1,0.35,0.25,0.4,0.25,0.0,0.2,52.0,771.3479440311479,1305.0,0.1673307522543095,0.5587449996544132,0.2614634066867756,0.0087024165447631,0.0016975515937913,0.0424061950839407,0.0913113899203532,0.0866128910397828,0.1583091209859406,0.136858931419727,0.3436081449753219,0.1101020349874953,0.0162935260451368,0.003957456022437
P9,WalkG,36,350.0,360.0,352.0,72.0,Urban/Manmade_positive,0.0,0.3,0.05,0.0,0.7,0.05,0.0,0.15,49.0,674.8089424911337,1191.0,0.2111787399452893,0.5677672792695829,0.2103966619709321,0.0075364652079664,0.0021460811830609,0.0520368882733419,0.111025073552199,0.0867429978957222,0.2035150445634034,0.1439286547821327,0.2796508002401501,0.0953776276055063,0.0108012517096466,0.0043637229940882
P9,WalkG,37,360.0,370.0,352.0,70.5,Urban/Manmade_positive,0.0,0.2,0.05,0.05,0.65,0.0,0.15,0.05,39.0,682.4787978403176,1237.0,0.2526953807470514,0.5461743316214568,0.1809279635761372,0.0143540342018531,0.0045059688347904,0.1662164400528383,0.0444858981915632,0.1130743344269457,0.181000923905831,0.1725006573753231,0.1820840394411208,0.0981281270544493,0.0166622586651651,0.0089051841194973
P9,WalkG,38,370.0,380.0,352.0,63.5,Urban/Manmade_positive,0.0,0.3,0.25,0.0,0.55,0.0,0.2,0.05,40.0,823.713814004017,1395.0,0.361229046405025,0.4280723816704319,0.1797528404338476,0.0238469876423565,0.0065421742389743,0.1814696626416545,0.1247202456587972,0.0420953923282719,0.0653614456823261,0.1224829919882363,0.2824627091826838,0.1023431738260525,0.0292777486426697,0.0138912029290768
P9,WalkG,39,380.0,390.0,352.0,61.5,Urban/Manmade_positive,0.0,0.15,0.05,0.1,0.6,0.0,0.05,0.2,38.0,788.676707196612,1396.0,0.2923007081440771,0.4528152763593933,0.230841529457195,0.0177999091534916,0.0055684045028627,0.1925081919481761,0.078545377881683,0.0471512591859438,0.1235276607668605,0.1805077877330391,0.2210668743736611,0.1079535829456395,0.0258529031467537,0.010116390585837
P9,WalkG,40,390.0,400.0,352.0,64.0,Urban/Manmade_positive,0.0,0.35,0.15,0.05,0.55,0.0,0.15,0.15,39.0,1853.93201142331,4698.0,0.1262173494424365,0.4738682311346952,0.1606589222823443,0.20019213998104,0.038120679330059,0.0569777888600197,0.0504075996825461,0.035174901851666,0.0810351415638978,0.2683018777118794,0.1765044127004484,0.0735078802990188,0.1996965939696644,0.0453897428688331
P9,WalkG,41,400.0,410.0,352.0,65.0,Urban/Manmade_positive,0.0,0.05,0.1,0.05,0.75,0.0,0.1,0.05,20.0,903.570942559806,1651.0,0.2377654860311087,0.5107455255856691,0.2189903860624383,0.0226417530494387,0.0091317549887962,0.0992528066324007,0.0963034771760062,0.0423113583742756,0.0976607098552958,0.2387863211844762,0.2233461223872448,0.1318275385448492,0.0246476736185547,0.0158479834014913
P9,WalkG,42,410.0,420.0,352.0,66.5,Unidentify,0.0,0.0,0.35,0.15,0.2,0.25,0.0,0.35,55.0,826.1749483250484,1493.0,0.2161400873112102,0.4606193210977202,0.3108116194319338,0.0094239143985987,0.001962543116237,0.0437518095734854,0.1376027127305495,0.0728553391597708,0.1122829197811344,0.1278262302167147,0.3234785354262066,0.1423962862546503,0.0211295318283771,0.0039950857342964
P9,WalkG,43,420.0,430.0,352.0,72.0,Unidentify,0.0,0.0,0.3,0.0,0.2,0.1,0.25,0.25,59.0,527.1068780305458,1002.0,0.5543208006019739,0.2937857686118918,0.1343317368912596,0.0131381053452626,0.0030886580202563,0.0354147122614051,0.4707066784673032,0.0709303859601125,0.0647421783985944,0.1057165026592965,0.1490001048746776,0.0685504938163164,0.0165941052955114,0.0079321171956843
P9,WalkG,44,430.0,440.0,352.0,67.5,Urban/Manmade_positive,0.0,0.05,0.15,0.05,0.7,0.05,0.05,0.05,77.0,600.8977997840116,1142.0,0.3798785403012796,0.4268037453104894,0.1811729794394483,0.0084585119009404,0.001604052087549,0.0426393661888507,0.3101364368033067,0.0586136929293577,0.1161706299805971,0.1403571164194346,0.2193436835694951,0.0842353700517708,0.0135522528470952,0.0043185699006614
P9,WalkG,45,440.0,450.0,352.0,68.5,Urban/Manmade_positive,0.0,0.0,0.15,0.05,0.65,0.1,0.1,0.15,72.0,739.4117241930871,1253.0,0.1836724429920367,0.5843210813554441,0.2173801414196569,0.0110772927192732,0.002244108093324,0.054918051375351,0.083729846687392,0.0821808129796514,0.1787055594098912,0.1866452789553223,0.2723609978690365,0.095027362035898,0.0194529156777451,0.0066120169428673
P9,WalkG,46,450.0,460.0,352.0,71.0,Urban/Manmade_positive,0.0,0.25,0.05,0.05,0.9,0.0,0.0,0.05,53.0,651.6144576565204,1154.0,0.3352321447241323,0.4727851181453787,0.1768683006707653,0.0113482577874293,0.0027472741105593,0.1281327311532821,0.1376778621122174,0.0843833854562535,0.1151444782993016,0.1697894341901922,0.2154499956206345,0.0867916624729452,0.0177732068522311,0.0062771725352742
P9,WalkG,47,460.0,470.0,352.0,69.5,Urban/Manmade_positive,0.0,0.15,0.0,0.0,1.0,0.0,0.0,0.0,579.0,828.6470487888907,1438.0,0.1275823469135528,0.5838558371235338,0.2770265531720944,0.0083490067215934,0.0021850701870326,0.0332717367339229,0.0700580494633174,0.0567303329092001,0.1447098624455068,0.2019743510246401,0.3283210603169896,0.1338461182456316,0.014165424097665,0.0051058242187608
P9,WalkG,48,470.0,480.0,352.0,66.0,Urban/Manmade_positive,0.0,0.05,0.2,0.0,0.85,0.1,0.0,0.0,50.0,691.765938668488,1266.0,0.2623287981280544,0.5104861831612155,0.2147847859823933,0.0089103401132815,0.0021009021026784,0.0516859942341819,0.1820395391414641,0.07826745731741,0.1347071784100254,0.1530368927529091,0.2722636303923943,0.1026628378935208,0.0133926054637396,0.0049809946818204
P9,WalkG,49,480.0,490.0,352.0,70.0,Urban/Manmade_positive,0.0,0.1,0.15,0.0,0.7,0.05,0.0,0.15,46.0,773.7507735142709,1343.0,0.1495929863148764,0.5987988979812111,0.2341320648259865,0.013813670900472,0.0026982315626592,0.049990124437844,0.063166855881094,0.1119563633684777,0.1608789318726346,0.2135051027864269,0.2518397492755621,0.1084806274351476,0.0193521216189182,0.0080015123913228
P9,WalkG,50,490.0,500.0,352.0,68.5,Urban/Manmade_positive,0.0,0.1,0.05,0.0,1.0,0.0,0.05,0.0,34.0,781.3571547384206,1184.0,0.2112320763228545,0.6008663094622877,0.1572385263455737,0.0235681248278564,0.0060682348072788,0.0730639165867502,0.0925658724069187,0.1014059991842752,0.1460304196842185,0.2500779067141018,0.1964625486529323,0.0765743237227976,0.0275709733444042,0.0153252725854364
P9,WalkG,51,500.0,510.0,352.0,65.5,Urban/Manmade_positive,0.0,0.05,0.2,0.05,0.85,0.1,0.1,0.0,88.0,476.3355624378175,862.0,0.5347289987078402,0.3370260450535056,0.1105139492702038,0.011242816465388,0.0025499395601204,0.0397712811567923,0.3947520110937436,0.1673827067981408,0.0862493263377557,0.1102422588622975,0.1065542177166659,0.0557499636334323,0.0176485074698898,0.0062771519581303
P9,WalkG,52,510.0,520.0,352.0,68.5,Urban/Manmade_positive,0.0,0.2,0.25,0.15,0.5,0.0,0.1,0.15,84.0,572.4494838137826,972.0,0.4041578524938872,0.4478619661479841,0.1281319972931613,0.0140587145204038,0.0038353490991486,0.1372662938772154,0.1808244378176685,0.1193539504496564,0.1462861124326889,0.141399419831378,0.1344495584871806,0.0755032945579023,0.0196842207660879,0.0081280156761789
P9,WalkG,53,520.0,530.0,352.0,65.0,Urban/Manmade_positive,0.05,0.05,0.2,0.05,0.45,0.2,0.0,0.3,57.0,493.3039562589738,974.0,0.5650699515572959,0.2895866609696086,0.1310159799008391,0.0111883819610844,0.0024566222101283,0.179516970405512,0.2727797161317494,0.1185867654606291,0.0777641858626143,0.0844437375444519,0.135909917334733,0.0668804784943802,0.0209215871933126,0.0056705876205983
P9,WalkG,54,530.0,540.0,352.0,68.0,Urban/Manmade_positive,0.0,0.0,0.2,0.0,0.45,0.1,0.3,0.1,74.0,533.467042253864,1117.0,0.5399033078720105,0.2777082470934119,0.1686073038798041,0.0099784981811863,0.0025101580204735,0.0545992730115738,0.4549745950074217,0.0564624637136103,0.078845584283956,0.0957994736009075,0.1449541326740581,0.0824633103396001,0.016680908788108,0.0055556102165066
P9,WalkG,55,540.0,550.0,352.0,67.0,Unidentify,0.0,0.25,0.5,0.35,0.1,0.2,0.1,0.1,60.0,552.5643348518222,1101.0,0.4723642407237158,0.3455348753455514,0.167913689475486,0.010421850645552,0.0026279417220509,0.0592167165717176,0.3707856425679715,0.065067250949647,0.1200555545690114,0.1076105160191357,0.1642435343928479,0.0784986168840052,0.0163961016251921,0.0059438156190149
P9,WalkG,56,550.0,560.0,352.0,61.5,Urban/Manmade_positive,0.0,0.0,0.2,0.05,0.45,0.05,0.15,0.15,41.0,721.6410514567945,1367.0,0.2919582097985455,0.4611834776433656,0.2305036850364553,0.0120200317321331,0.0031048270607255,0.1249260531477904,0.1019605527897581,0.0983655064099644,0.1596837228907656,0.1249577690756641,0.2368397623800258,0.1153401054500914,0.0167857232709119,0.0075259329269148
P9,WalkG,57,560.0,570.0,352.0,68.0,Unidentify,0.0,0.1,0.5,0.25,0.2,0.25,0.05,0.1,43.0,805.5423302257587,1481.0,0.2710309623591039,0.4030718451048423,0.3130845774687338,0.0096172895944375,0.0023507687822822,0.1194642040968652,0.1147098819804254,0.0560251959413786,0.1199046602866713,0.0986724364146979,0.3118735595515372,0.1421951863055148,0.0189028715473648,0.0048952908016069
P9,WalkG,58,570.0,580.0,352.0,69.0,Urban/Manmade_positive,0.0,0.2,0.25,0.05,0.6,0.05,0.0,0.1,43.0,714.3047438436092,1352.0,0.3015450691599379,0.4267287904346806,0.2628463709297921,0.0063164939654964,0.0016297978925636,0.1196005125919429,0.121362295191893,0.0667502888697358,0.0989263975888562,0.134954164301415,0.2947115300210429,0.1142822223815076,0.0154746592488839,0.0029143418460868
P9,WalkG,59,580.0,590.0,352.0,70.0,Urban/Manmade_positive,0.0,0.2,0.1,0.1,0.45,0.0,0.0,0.2,78.0,897.4286531627689,1496.0,0.2105505416295613,0.4720054528125405,0.2975350629599088,0.0142394712846283,0.0047081901674714,0.085860271753008,0.0958561541662676,0.0514269899104457,0.0796280381345648,0.1572672793892368,0.3426724407108072,0.1407788795239651,0.0222422942596078,0.0089277138742361
P9,WalkG,60,590.0,600.0,352.0,61.0,Urban/Manmade_positive,0.0,0.05,0.0,0.0,0.85,0.0,0.0,0.15,41.0,775.2462309771006,1282.0,0.2897402042832899,0.4813841949289355,0.2005084361660454,0.021146530518022,0.0064183878138762,0.1795851485574838,0.0797562692954441,0.067674936406292,0.1226624653458345,0.1581790610557516,0.2415468917488523,0.0892883048782703,0.024345125785925,0.0142369196741327
P9,WalkG,61,600.0,610.0,352.0,66.5,Urban/Manmade_positive,0.0,0.15,0.1,0.0,0.95,0.0,0.0,0.0,34.0,606.0973242639733,1133.0,0.3885437275020535,0.4187790803580735,0.1746480035319173,0.0128559973846122,0.0039046365447705,0.1491598494054722,0.1833463018915021,0.066640335290591,0.1420218155750668,0.1422899676906294,0.1855824678795996,0.0721473123827207,0.0162659163446133,0.0083909723314479
P9,WalkG,62,610.0,620.0,352.0,64.0,Urban/Manmade_positive,0.0,0.1,0.1,0.0,0.95,0.0,0.0,0.05,30.0,671.264480011185,1202.0,0.3446088566057793,0.4611833129950183,0.1728594566240471,0.0164578364199535,0.0043007163895194,0.1837860649850738,0.1230693513400944,0.0616614689434522,0.1200425481776388,0.1906493472998799,0.1859199443958442,0.0786930246005407,0.0221279867468926,0.0094901288306854
P9,WalkG,63,620.0,630.0,352.0,63.0,Urban/Manmade_positive,0.0,0.1,0.05,0.0,0.8,0.0,0.05,0.1,49.0,488.9379517134432,904.0,0.4931051472322244,0.3798129834219929,0.1110125448715236,0.0117702057886061,0.0031536631037814,0.1244177534591015,0.2639577422189444,0.1557445650923272,0.1066135211935378,0.1095311672919638,0.1319706153787766,0.0499983503325339,0.0161859402939839,0.0067170005370649
P9,WalkG,64,630.0,640.0,352.0,64.5,Vehicle,0.0,0.15,0.6,0.35,0.0,0.1,0.2,0.1,56.0,615.3936540993712,1256.0,0.4940017967407817,0.290488649254131,0.1987817698656362,0.0127545671811476,0.0030688065725127,0.1569134915447855,0.1997018380598643,0.1198298870964248,0.0715928132138834,0.0773030276381572,0.2094572259106482,0.0950670249225778,0.0192047484746448,0.0069667670005844
P9,WalkG,65,640.0,650.0,352.0,66.0,Mechanisms,0.0,0.1,0.3,0.0,0.0,0.0,0.5,0.1,27.0,787.8011187036616,1382.0,0.3640844762109855,0.3800846719010268,0.229085048994563,0.0210807995616318,0.0044713289639126,0.1501727148043762,0.1570802684113134,0.0499432690763538,0.0846961196249438,0.0912198005453953,0.2916897034128226,0.1019913192276626,0.0295051728402405,0.0107596071723203
P9,WalkG,66,650.0,660.0,352.0,68.0,Vehicle,0.05,0.05,0.65,0.2,0.0,0.5,0.1,0.2,40.0,880.0445846050991,1572.0,0.2009875826771383,0.4863232397546477,0.2915502069171953,0.0179246962129514,0.0023968552182966,0.0778077160443595,0.0843014677025439,0.0776938412608079,0.1272035715022356,0.1287541838518996,0.3077788621672149,0.1399970675841602,0.0325348314440469,0.0074522309026055
P9,WalkG,67,660.0,670.0,352.0,72.5,Urban/Manmade_positive,0.0,0.3,0.05,0.0,0.45,0.05,0.1,0.2,50.0,687.6697325259034,1223.0,0.3771701492457612,0.4032490069715029,0.1992998085694969,0.0157694012269407,0.0036808838668825,0.1271267488880093,0.1834674866971447,0.0799061558427001,0.1088815305012968,0.0891704901384983,0.2628619544811056,0.0859980062484336,0.0190166795353932,0.0098717035054715
P9,WalkG,68,670.0,680.0,352.0,64.5,Urban/Manmade_positive,0.0,0.05,0.05,0.05,0.85,0.0,0.0,0.05,22.0,554.1589339757841,801.0,0.4461963420483968,0.4372423454779739,0.0870784938824688,0.0214548846359109,0.0076241583174431,0.1608284529183383,0.2120816875820252,0.1580335647525046,0.0940312241425216,0.1504938605234316,0.0829970966815453,0.0444893177013602,0.0210059674868217,0.0147570670541399
P9,WalkG,69,680.0,690.0,352.0,62.0,Urban/Manmade_positive,0.0,0.2,0.05,0.0,0.95,0.0,0.05,0.05,40.0,869.9488980537297,1356.0,0.1612629064076965,0.5686718433284625,0.2498082015280396,0.0158294477336352,0.0032249140677237,0.0693291246707749,0.0529071146428358,0.0820562586499599,0.1039622751855363,0.1761121373614702,0.3681126324515618,0.104697971608675,0.0259430707599141,0.0082752243583907
P9,WalkG,70,690.0,700.0,352.0,70.0,Urban/Manmade_positive,0.0,0.2,0.2,0.15,0.45,0.0,0.25,0.05,37.0,888.8637887357359,1685.0,0.2493615593907534,0.47089251494985,0.2523306711577478,0.0218798328904757,0.0046331761087942,0.1407686458069315,0.0640165921656855,0.0883250293941459,0.1116675842483366,0.1566545126030964,0.2387236906979248,0.1328769207309282,0.0391093607012517,0.0116832511616552
P9,WalkG,71,700.0,710.0,352.0,65.0,Unidentify,0.05,0.3,0.3,0.15,0.0,0.0,0.4,0.15,21.0,314.0241587893608,115.0,0.8563296499975038,0.0808325175597934,0.0383149600669973,0.0187522108404581,0.00490738043437,0.3770681198037533,0.3023757345688097,0.0748147885559341,0.0168388048359685,0.0254770910309048,0.0331977491535043,0.0204374012571577,0.0161260447930847,0.0120850462794033
P9,WalkG,72,710.0,720.0,352.0,60.5,Vehicle,0.0,0.25,0.55,0.35,0.0,0.05,0.25,0.2,35.0,1025.89994211074,1555.0,0.1645753029007885,0.5247368088428652,0.2713211105017282,0.0294347332425875,0.008413677081964,0.0683204458263034,0.0573406437076492,0.0473207313407702,0.1357850752614583,0.1134203450744342,0.3813168743787002,0.1245566942713642,0.0327793724985597,0.0190863994699176
P9,WalkG,73,720.0,730.0,352.0,64.0,Unidentify,0.0,0.35,0.3,0.25,0.15,0.1,0.1,0.15,35.0,1002.2118236370007,1599.0,0.1296789647378339,0.5226152595024323,0.3242727444573876,0.018735639669613,0.0035105560738311,0.053132128628196,0.054419740914923,0.0259669168847612,0.0871791215017807,0.1553191188089461,0.4079089805623789,0.1677594727705787,0.0277934929987883,0.0086087821486319
P9,WalkG,74,730.0,740.0,352.0,67.0,Urban/Manmade_positive,0.0,0.35,0.0,0.0,0.9,0.0,0.0,0.0,25.0,925.8955740080888,1473.0,0.2182278681767658,0.5520620986855184,0.1861156209840763,0.0291747647977728,0.0132662563365688,0.1056721152642615,0.0757406082313755,0.0808642430936632,0.1080964510424459,0.2349211264954435,0.2088642513035712,0.1001915930449965,0.0290723047857709,0.0237502542234568
P9,WalkG,75,740.0,750.0,352.0,64.0,Urban/Manmade_positive,0.0,0.05,0.3,0.2,0.5,0.1,0.0,0.2,26.0,955.8616248860033,1520.0,0.1451256065608949,0.5466335661136732,0.2809218986907663,0.0222638794059386,0.0042368019991572,0.0697665997561719,0.0426423110926276,0.0601076058241632,0.093301574018742,0.1564554757347425,0.3816596173436445,0.1344264586562676,0.0303838384714191,0.0111926857378348
P9,WalkG,76,750.0,760.0,352.0,70.0,Urban/Manmade_positive,0.0,0.25,0.15,0.0,0.55,0.15,0.0,0.15,120.0,861.9275585134432,1495.0,0.1880144359183218,0.4897321597546992,0.309629216284464,0.0091508860769544,0.0020724514227777,0.0323791415889912,0.0801744184319097,0.1057175137285645,0.1118532935194192,0.1400847803150176,0.348059079271159,0.1424179599509673,0.0215983470556755,0.0044607619006098
P9,WalkG,77,760.0,770.0,352.0,71.5,Urban/Manmade_positive,0.0,0.2,0.15,0.05,0.5,0.05,0.05,0.2,93.0,816.4590418358438,1414.0,0.2441346307551344,0.4785059773631617,0.2637350312971628,0.010772739825326,0.0021796894303994,0.0424858159165115,0.0492974902634444,0.1671827973221337,0.0863691966742102,0.1451319808360376,0.3467939507220082,0.1242770518562195,0.0193075360362137,0.0055322646490238
P9,WalkG,78,770.0,780.0,352.0,68.5,Urban/Manmade_positive,0.0,0.15,0.3,0.05,0.5,0.15,0.0,0.1,87.0,448.0215259501167,902.0,0.5361105256251578,0.3422962153731639,0.1103945081735044,0.0084437780249042,0.0020079384375272,0.1822706437133047,0.2488050030394214,0.1008745443462929,0.075519910654922,0.1141436498478233,0.1593676690184797,0.0496440510804586,0.0125308178059876,0.003857580826254
P9,WalkG,79,780.0,790.0,352.0,60.0,Vehicle,0.0,0.0,0.85,0.25,0.0,0.85,0.05,0.1,20.0,994.952367604823,1730.0,0.1696901763158556,0.3763299165325605,0.4419773491668418,0.0097464590614988,0.0011538266836391,0.0419755232323337,0.0839887317799503,0.0584237172936734,0.0948284579872742,0.0947130281748753,0.3530616271956351,0.2185302901106961,0.0278364467964979,0.0037229566279574
P9,WalkG,80,790.0,800.0,352.0,66.0,Urban/Manmade_positive,0.0,0.2,0.45,0.3,0.3,0.45,0.0,0.05,26.0,538.4694398637307,1181.0,0.4219866778979369,0.3631869088576883,0.2088678510840702,0.0033023496425735,0.0014282733275161,0.1607046565962824,0.1681750996632245,0.1280807872711033,0.1041351521593088,0.1045628114221065,0.2049810472755198,0.0897123484360995,0.0082886869264163,0.0019989985933869
